episode,reward,avg_reward,max_reward,min_reward,entropy,policy_loss,value_loss
1,-21.0,-21.0,-21.0,-21.0,1.7890411522239447,0.001028824073728174,0.10562918480718508
2,-21.0,-21.0,-21.0,-21.0,1.78881015162915,-0.0006836868633399718,0.13172568497247994
3,-19.0,-20.333333333333332,-19.0,-21.0,1.7878678794950247,0.0007744824251858518,0.11571573402034119
